School Campus,Arrested,Child in Crisis,Juvenile Report,Mitigated,PINS / Warrant,Summons,mitigated,Total
47 THE AMERICAN SIGN LANGUAGE & ENGLISH SECONDARY SCHOOL(MS),,3.0,,,,1.0,,4.0
ACADEMY FOR SCHOLARSHIP & ENTREPRENEURSHIP(XE),,1.0,1.0,,,,,2.0
ACADEMY OF ENVIRONMENTAL SCIENCE SECONDARY HS(MN) ,,1.0,,,,,,1.0
ACADEMY OF URBAN PLANNING(BN) ,,,1.0,12.0,,,1.0,14.0
ACORN COMMUNITY HS(BN) ,,2.0,1.0,3.0,,1.0,2.0,9.0
ADLAI STEVENSON HS GED(XE) ,,,,1.0,,,,1.0
ALC - August Martin HS@A. Martin HS (QS),,1.0,,1.0,,,,2.0
ALC-JAMAICA ACADEMY@ALC-Complex (Old PS 182Q - Qns),1.0,1.0,,,,,,2.0
ALC-PS 6(XW),,1.0,,,,,,1.0
ALC-RF WAGNER HS@RF WAGNER JR. (QN),1.0,,,,,2.0,,3.0
ALFRED SMITH CAREER & TECHNICAL EDUCATION HS(XW)  ,,1.0,3.0,1.0,,1.0,,6.0
ALL CITY LEADERSHIP SECONDARY SCHOOL(BN) ,,2.0,,,,,1.0,3.0
ALTERNATE LEARNING CENTER RENAISSANCE CENTER(BN),,2.0,4.0,4.0,,,,10.0
AP RANDOLPH CAMPUS HS(MN) ,3.0,7.0,2.0,3.0,,1.0,,16.0
ART & DESIGN HS @PS 59M(MS),2.0,4.0,4.0,,,,,10.0
AUGUST MARTIN HS(QS) ,3.0,10.0,,15.0,,7.0,2.0,37.0
AUTOMOTIVE HS(BN) ,1.0,1.0,,6.0,,1.0,1.0,10.0
AUXILIARY SERVICES@SAINT GEORGE DAY(SI) ,2.0,1.0,,,,,,3.0
AVIATION CAREER & TECHNICAL EDUCATION HS(QN) ,3.0,2.0,,,,,1.0,6.0
Abraham Lincoln HS(BS),5.0,4.0,2.0,2.0,1.0,2.0,3.0,19.0
Academy for College Preparation & Career Exploration(BS),,1.0,,,,,,1.0
Academy for Environmental Leadership(BN),,,1.0,2.0,,3.0,2.0,8.0
Academy for Health Careers(BN),1.0,,,,,2.0,,3.0
Academy for Personal Leadership & Excellence(XW),,,1.0,,,,,1.0
Academy for Social Action(MN),,,,,,1.0,,1.0
Academy for Software Engineering(MS),,,1.0,,,,,1.0
Academy for Young Writers(BN),,,,1.0,,,,1.0
Academy of Hospitality &Tourism(BS),,,1.0,,,,,1.0
Academy of Innovative Technology(BN),,,,4.0,,2.0,2.0,8.0
Academy of Medical Technology(QS),1.0,,,,,2.0,,3.0
Achievement First Brownsville Charter School(BN),,1.0,,,,,,1.0
Achievement First North Brooklyn Prep Charter School(BN),,1.0,,,,,,1.0
Adlai Stevenson HS(XE) ,3.0,,5.0,3.0,,6.0,1.0,18.0
Alfred E. Smith Campus YABC(XW),,,1.0,,,2.0,,3.0
Alternate Learning Center of Prospect Place(BN),,7.0,1.0,,,,2.0,10.0
Alternative Learning Center@John Jay Campus,1.0,,,,,,,1.0
Alternative Learning Center@Stevenson Campus,,,1.0,,,,,1.0
Ampark Neighborhood Program(XW),,1.0,,,,,,1.0
Andries Hudde JHS(BS),5.0,1.0,7.0,1.0,,,2.0,16.0
Antonia Pantoja Preparatory Academy(XE),1.0,,,,,,,1.0
Arts & Media Preparatory Academy(BS),,1.0,,,,,,1.0
Aspirations Diploma Plus HS(BN),2.0,3.0,,28.0,,2.0,4.0,39.0
BANANA KELLY HS(XE) ,1.0,1.0,,1.0,,1.0,,4.0
BARD HS(MS),,,,,,1.0,,1.0
BAYARD RUSTIN EDUCATIONAL COMPLEX(MS) ,,1.0,,,,,,1.0
BAYSIDE HS(QN) ,1.0,2.0,1.0,1.0,,,3.0,8.0
BEACH CHANNEL HS(QS) ,5.0,13.0,1.0,4.0,,2.0,4.0,29.0
BEDFORD STUYVESANT PREPARATORY HS(BN) ,1.0,,,1.0,,,,2.0
BELMONT PREPARATORY HS(XW),2.0,,,,,1.0,,3.0
BENJAMIN BANNEKER ACADEMY(BN),1.0,1.0,,,,,,2.0
BENJAMIN CARDOZO HS(QN) ,12.0,1.0,2.0,,,2.0,,17.0
BOYS AND GIRLS HS(BN) ,1.0,1.0,1.0,6.0,,6.0,2.0,17.0
BRANDEIS YABC(MN),1.0,1.0,,1.0,,9.0,1.0,13.0
BREAD & ROSES INTEGRATED ARTS  HS(MN) ,1.0,,1.0,,,,1.0,3.0
BRONX ACADEMY HIGH SCHOOL(XE),,,,,,1.0,,1.0
BRONX ACADEMY OF HEALTH CAREERS(XE),,,,,,3.0,,3.0
BRONX AEROSPACE HS(XE),,1.0,1.0,1.0,,1.0,,4.0
BRONX ENGINEERING & TECHNOLOGY ACADEMY(XW),1.0,,,2.0,,1.0,1.0,5.0
BRONX HS FOR THE VISUAL ARTS(XE) ,4.0,1.0,1.0,1.0,,2.0,1.0,10.0
BRONX HS FOR WRITING & COMMUNICATION ARTS(XE),1.0,,1.0,,,4.0,,6.0
BRONX HS OF BUSINESS(XW),,,,,,1.0,,1.0
BRONX HS OF SCIENCE(XW) ,3.0,1.0,2.0,2.0,,3.0,1.0,12.0
BRONX INTERNATIONAL Academy(XE) ,,,,2.0,,,,2.0
BRONX INTERNATIONAL HS(XE),1.0,,,,,,,1.0
BRONX LAB SCHOOL(XE),1.0,1.0,4.0,,,1.0,,7.0
BRONX LEADERSHIP ACADEMY II HS(XW) ,8.0,4.0,1.0,3.0,,2.0,2.0,20.0
BRONX REGIONAL HS(XE) ,1.0,4.0,2.0,,,13.0,,20.0
BRONX SCHOOL FOR LAW GOVERNMENT & JUSTICE(XW) ,1.0,,4.0,,,2.0,1.0,8.0
BRONX SCHOOL OF LAW & FINANCE(XW) ,,,,2.0,,6.0,,8.0
BRONX STUDIO SCHOOL FOR WRITERS & ARTISTS(XE) ,1.0,4.0,2.0,5.0,,2.0,,14.0
BRONX THEATRE HS(XW) ,,1.0,,,,1.0,1.0,3.0
BROOKLYN ACADEMY HS(BN) ,,1.0,,5.0,,,,6.0
BROOKLYN ACADEMY OF SCIENCE & THE ENVIRONMENT BASE(BS),,1.0,,,,,,1.0
BROOKLYN HS OF THE ARTS(BN) ,,2.0,2.0,2.0,,,1.0,7.0
BROOKLYN INTERNATIONAL HS AT WATERS EDGE(BN) ,,,,10.0,,1.0,2.0,13.0
BROOKLYN SCHOOL FOR GLOBAL STUDIES(BS) ,1.0,1.0,,,,,,2.0
BROOKLYN SCHOOL FOR MUSIC & THEATRE(BS) ,,,,,,2.0,,2.0
BROOKLYN STUDIO SECONDARY SCHOOL(BS) ,,1.0,,,,1.0,,2.0
BROOKLYN TECHNICAL HS(BN) ,,3.0,,,,2.0,1.0,6.0
BROWNSVILLE ACADEMY HS(BN) ,,1.0,,2.0,,,3.0,6.0
BUSHWICK COMMUNITY HS(BN) ,,,,3.0,,2.0,,5.0
BUSHWICK HS(BN) ,2.0,2.0,2.0,31.0,,7.0,5.0,49.0
BUSHWICK SCHOOL FOR SOCIAL JUSTICE(BN),,2.0,1.0,28.0,,12.0,5.0,48.0
Bard HS Early College II(QN),,3.0,,,,,,3.0
Battery Park City School(MS),,2.0,,,,,2.0,4.0
Baychester Middle School(XE),,1.0,,,,,1.0,2.0
Beacon High School (MS),1.0,6.0,,,,1.0,,8.0
Bell Academy(QN),,,2.0,,,,,2.0
Bronx Arena HS(XE),1.0,,,,,,,1.0
Bronx Career & College Preparatory HS(XE),,2.0,,,,,1.0,3.0
Bronx Collegiate Academy(XW)Old Bronx Expeditionary Learning HS,,,1.0,,,1.0,,2.0
Bronx Community HS(XE),,,,1.0,,,,1.0
Bronx Design & Construction Academy(XW),,,,15.0,,1.0,,16.0
Bronx Envision Academy(XE),1.0,,,,,1.0,,2.0
Bronx Global Learning Institute for Girls Charter School(XW),,1.0,,,,,,1.0
Bronx Haven HS(XW),,1.0,,,,,,1.0
Bronx Latin(XE),2.0,2.0,,,,3.0,,7.0
Bronx Leadership Academy HS(XE) ,1.0,,2.0,7.0,,,3.0,13.0
Bronx River High School (XE),1.0,1.0,,,,,,2.0
Bronx Writing Academy(XW),,,1.0,,,,,1.0
Bronxdale HS(XE),,,1.0,,,,,1.0
Bronxwood Preparatory Academy(XE),,1.0,,4.0,,,,5.0
Brooklyn Adult Learning Center(BN),,,,2.0,,,,2.0
Brooklyn Bridge Academy(BS),,,,,,,1.0,1.0
Brooklyn Brownstone School(BN),1.0,1.0,,,,,,2.0
Brooklyn College Academy(BS),,,,1.0,,,1.0,2.0
Brooklyn Collegiate(BN),1.0,,,6.0,,,1.0,8.0
Brooklyn Community HS of Communication Arts & Media(BN),1.0,,,,,,,1.0
Brooklyn East Collegiate Charter School(BN),,1.0,,,,,,1.0
Brooklyn Frontiers HS(BN),,,,,,1.0,,1.0
Brooklyn Generation School(BS),,1.0,,,,,,1.0
Brooklyn HS for Law & Technology(BN),,7.0,,2.0,,2.0,,11.0
Brooklyn Lab School(BN),,1.0,,11.0,,1.0,3.0,16.0
Brooklyn Theatre Arts HS (BS),1.0,1.0,1.0,2.0,,3.0,1.0,9.0
Bushwick Leaders HS for Academic Excellence(BN),1.0,3.0,2.0,17.0,,3.0,,26.0
Business Technology Early College High School (QS),1.0,,,,,2.0,,3.0
Business of Sports School(MS),,,,1.0,,2.0,2.0,5.0
CANARSIE HS(BS) ,6.0,1.0,2.0,,,9.0,6.0,24.0
CASCADE HS FOR TEACHING & LEARNING(MS) ,1.0,,,,1.0,,,2.0
CHANNEL VIEW SCHOOL FOR RESEARCH(QS),,2.0,1.0,1.0,,,,4.0
CHELSEA CAREER & TECHNICAL EDUCATION HS(MS) ,,,,,,2.0,,2.0
CHOIR ACADEMY OF HARLEM(MN) ,,2.0,,,,,,2.0
CHRISTOPHER COLUMBUS HS(XE) ,3.0,1.0,3.0,12.0,,1.0,2.0,22.0
CITY AS SCHOOL HS (MS),1.0,2.0,,,,,1.0,4.0
CLARA BARTON HS(BS) ,4.0,4.0,1.0,8.0,,2.0,14.0,33.0
COALITION SCHOOL FOR SOCIAL CHANGE(MN) ,,2.0,,,,,1.0,3.0
COBBLE HILL SCHOOL OF AMERICAN STUDIES(BS) ,8.0,1.0,,3.0,,3.0,6.0,21.0
COLLEGIATE INSTITUTE FOR MATH & SCIENCE(XE) ,,,1.0,,,,,1.0
COMMUNITY SCHOOL FOR SOCIAL JUSTICE(XW) ,1.0,,1.0,1.0,,1.0,,4.0
CONCORD HS(SI) ,1.0,,,1.0,,,,2.0
CSI HS FOR INTERNATIONAL STUDIES(SI) ,1.0,,,,,1.0,,2.0
CURTIS HS(SI) ,8.0,3.0,6.0,44.0,,5.0,35.0,101.0
Cambria Heights Academy(QS),,1.0,,,,,2.0,3.0
City Polytechnic HS of Engineering Architecture & Technology(BN),1.0,,,1.0,,,,2.0
Collaborative Arts Middle School(QS),1.0,2.0,1.0,3.0,,,1.0,8.0
Columbia Secondary School for Math Science & Engineering(MN),1.0,1.0,,,,,,2.0
Community Health Academy of the Heights(MN),1.0,2.0,1.0,,,,,4.0
Community Voices Middle School(QS),,,1.0,4.0,,,3.0,8.0
Coney Island Prep Elementary School(BS),,1.0,,,,,,1.0
Conselyea Preparatory School (BN),,1.0,,,,,,1.0
Cornerstone Academy for Social Action Middle School CASA(XE),,2.0,,,,,2.0,4.0
Corona Arts & Sciences Academy(QN),,1.0,1.0,,,,,2.0
Cultural Academy for the Arts & Sciences(BS),,,,,,,1.0,1.0
Cypress Hills Collegiate Preparatory School(BN),,1.0,,6.0,,,2.0,9.0
DEWITT CLINTON HS GED(XW),,1.0,,1.0,,,2.0,4.0
DEWITT CLINTON HS(XW) ,8.0,5.0,5.0,9.0,,13.0,15.0,55.0
DISCOVERY HS(XW),1.0,3.0,1.0,1.0,,2.0,1.0,9.0
DR.SUSAN MCKINNEY SECONDARY SCHOOL OF THE ARTS(BN) ,,7.0,3.0,,,,,10.0
Democracy Prep Endurance Charter School(MN),,,1.0,,,,,1.0
Dreamyard Preparatory School(XW),,,1.0,,,,,1.0
EAGLE ACADEMY FOR YOUNG MEN(XW),2.0,,,,,,,2.0
EAST BRONX ACADEMY FOR THE FUTURE(XE),2.0,2.0,1.0,6.0,,2.0,3.0,16.0
EAST SIDE COMMUNITY HS(MS) ,,,,2.0,,1.0,,3.0
EBBETTS FIELD MIDDLE SCHOOL(BS),2.0,,2.0,2.0,,,,6.0
EDWARD R MURROW HS GED(BS) ,,,,1.0,,,,1.0
EDWARD R MURROW HS(BS) ,6.0,2.0,4.0,3.0,,4.0,,19.0
EL PUENTE ACADEMY FOR PEACE & JUSTICE(BN)  ,,1.0,,,,,,1.0
EPIC High School - South (QS),,1.0,,1.0,,,,2.0
ERASMUS CAMPUS BUSINESS TEC(BS) ,3.0,3.0,2.0,2.0,,,1.0,11.0
ERASMUS HALL HS(BS) ,1.0,1.0,2.0,,,,1.0,5.0
EVANDER CHILDS EVENING HS MON & WED(XE) ,,,1.0,,,,,1.0
EVANDER CHILDS EVENING HS(XE),,,,1.0,,1.0,1.0,3.0
EVANDER CHILDS HS(XE) ,6.0,10.0,4.0,6.0,,12.0,12.0,50.0
EXCELSIOR PREPARATORY HS(QS) ,1.0,,,1.0,,,,2.0
EXIMIUS COLLEGE PREPARATORY ACADEMY(XE),2.0,1.0,1.0,3.0,,,,7.0
Eagle Academy for Young Men II(BN),1.0,2.0,,,,,,3.0
Eagle Academy for Young Men III(QS),,2.0,,6.0,,,4.0,12.0
Eagle Academy for Young Men of Harlem(MN),,,2.0,,,,,2.0
East Brooklyn Community HS(BS),,1.0,,,,,,1.0
East Flatbush Community Research School(BS),,,1.0,,,,,1.0
East Fordham Academy for the Arts(XW),,,1.0,,,,1.0,2.0
Emma Lazarus HS(MS),1.0,,,,,,,1.0
Emolior Academy(XW),,1.0,,,,,1.0,2.0
English Language Learners & International Support Preparatory Academy(XW),,,,,,,2.0,2.0
Entrada Academy(XE),,,,3.0,,,2.0,5.0
Essex Street Academy(MS) ,,2.0,,,,,,2.0
Evergreen Middle School for Urban Exploration(BN),,,1.0,,,,1.0,2.0
FANNIE LOU HAMER MIDDLE SCHOOL(XE),,1.0,1.0,,,,,2.0
FANNIE LOU HAMMER FREEDOM HS(XE) ,,1.0,,,,,,1.0
FAR ROCKAWAY HS(QS) ,11.0,1.0,1.0,7.0,,2.0,2.0,24.0
FDNY HS FOR FIRE & LIFE SAFETY(BN),,2.0,,8.0,,1.0,6.0,17.0
FELISA RINCON DE GAUTIER INSTITUTE FOR LAW & PUBLIC POLICY(XE),,,,,,1.0,3.0,4.0
FIORELLO H LAGUARDIA HS OF MUSIC ART & PERFORMING ARTS(MN),,3.0,2.0,,,2.0,1.0,8.0
FLUSHING HS(QN),6.0,,2.0,2.0,1.0,2.0,,13.0
FOREST HILLS HS(QN),8.0,2.0,2.0,3.0,,,5.0,20.0
FORT HAMILTON HS GED(BS),,1.0,,,,,,1.0
FORT HAMILTON HS(BS) ,7.0,1.0,1.0,4.0,,,2.0,15.0
FRANCIS LEWIS HS(QN) ,8.0,1.0,1.0,,,,,10.0
FRANK SINATRA SCHOOL OF THE ARTS HS(QN) ,,1.0,,,,,,1.0
FRANKLIN DELANO ROOSEVELT HS(BS) ,3.0,4.0,1.0,1.0,,1.0,,10.0
FRANKLIN K LANE HS(BN),1.0,1.0,,16.0,1.0,,5.0,24.0
FREDERICK DOUGLASS ACADEMY I(MN) ,,,3.0,,,,2.0,5.0
FREDERICK DOUGLASS ACADEMY II SECONDARY SCHOOL(MN) ,,,2.0,4.0,,,1.0,7.0
FREDERICK DOUGLASS ACADEMY III SECONDARY SCHOOL(XE) ,1.0,1.0,1.0,2.0,,2.0,,7.0
FREDERICK DOUGLASS ACADEMY V MIDDLE SCHOOL(XW),,,1.0,,,,,1.0
FREDERICK DOUGLASS ACADEMY VI HIGH SCHOOL(QS) ,7.0,,,,,,,7.0
FREDERICK DOUGLASS ACADEMY VII HIGH SCHOOL(BN),,1.0,,,,,1.0,2.0
FREDERICK DOUGLASS ACADEMY VIII MIDDLE SCHOOL(BN),,6.0,,4.0,,,,10.0
FREDRICK DOUGLAS SECONDARY(MN),,,,1.0,,,,1.0
FUTURE LEADERS INSTITUTE CHARTER SCHOOL(MN),,1.0,,,,,,1.0
Frank McCourt HS(MN),,,,,,1.0,,1.0
GEORGE W. WINGATE HS GED (BS),,1.0,,,,,,1.0
GEORGE WASHINGTON CARVER HIGH SCHOOL FOR THE SCIENCES(Queens)(QS),,3.0,,8.0,,1.0,1.0,13.0
GEORGE WASHINGTON HS(MN),8.0,3.0,,2.0,,3.0,,16.0
GEORGE WESTINGHOUSE CAREER & TECHNICAL EDUCATION HS(BN) ,3.0,,2.0,4.0,,5.0,1.0,15.0
GEORGE WINGATE HS(BS),,1.0,2.0,,1.0,,3.0,7.0
GRACE  DODGE CAREER & TECHNICAL EDUCATION HS(XW),4.0,6.0,1.0,1.0,,1.0,,13.0
GREGORIO LUPERON HS FOR SCIENCE & MATHEMATICS(MN),2.0,1.0,,,,,,3.0
GROVER CLEVELAND HS(QN) ,1.0,15.0,,3.0,,5.0,1.0,25.0
Girls Prep. Charter Sch. of the Bx@MS 301X (XE),,1.0,,,,,,1.0
Goldie Maple Academy(QS),,,,1.0,,,,1.0
Grammercy Arts HS(MS),2.0,,,,,3.0,,5.0
Grand Street Campus(BN) ,4.0,3.0,,76.0,1.0,11.0,53.0,148.0
HARLEM RENAISSANCE HS(MN) ,4.0,,,1.0,,,,5.0
HARRY S TRUMAN HS(XE),6.0,5.0,6.0,11.0,,2.0,13.0,43.0
HARRY VAN ARSDALE HS(BN),2.0,4.0,1.0,18.0,,,7.0,32.0
HARVEY MILK HS(MS),,11.0,,,,,,11.0
HEALTH OPPORTUNITIES HS(XW) ,1.0,3.0,2.0,6.0,,8.0,1.0,21.0
HENRY STREET SCHOOL FOR INTERNATIONAL STUDIES(MS),5.0,,,,,,,5.0
HERBERT H LEHMAN HS(XE) ,2.0,,3.0,,,8.0,,13.0
HILLCREST HS(QS),7.0,4.0,,18.0,1.0,7.0,8.0,45.0
HS FOR ARTS & BUSINESS(QN) ,1.0,,,4.0,,,2.0,7.0
HS FOR ARTS IMAGINATION & INQUIRY(MN),,,1.0,,,3.0,3.0,7.0
HS FOR CIVIL RIGHTS(BN),,,,4.0,,1.0,3.0,8.0
HS FOR CONTEMPORARY ARTS(XE),2.0,1.0,2.0,,,3.0,,8.0
HS FOR ENVIRONMENTAL STUDIES(MS) ,1.0,1.0,2.0,1.0,,9.0,5.0,19.0
HS FOR HEALTH CAREERS & SCIENCES(MN),,,1.0,,,,,1.0
HS FOR HEALTH PROFESSIONS & HUMAN SERVICES(MS),,,5.0,2.0,,6.0,,13.0
HS FOR LAW & PUBLIC SERVICE(MN),,2.0,,,,,,2.0
HS FOR LAW ADVOCACY & COMMUNITY JUSTICE(MN),,1.0,,1.0,,1.0,,3.0
HS FOR LAW ENFORCEMENT & PUBLIC SAFETY(QS),11.0,,3.0,12.0,,1.0,9.0,36.0
HS FOR MEDIA & COMMUNICATIONS(MN) ,1.0,,,,,,,1.0
HS FOR PUBLIC SERVICE HEROES OF TOMORROW(BS),,1.0,,,,,,1.0
HS FOR SERVICE & LEARNING@ERASMUS(BS),,,,1.0,,,,1.0
HS FOR TEACHING & THE PROFESSIONS(XW),,,1.0,,,1.0,,2.0
HS FOR VIOLIN & DANCE(XE) ,,,,,,,1.0,1.0
HS OF ARTS & TECHNOLOGY(MN) ,1.0,3.0,1.0,,,3.0,,8.0
HS OF COMPUTERS & TECHNOLOGY(XE) ,,,1.0,1.0,,,,2.0
HS OF ECONOMICS & FINANCE(MS) ,,2.0,,,,1.0,,3.0
HS OF GRAPHIC COMMUNICATION ARTS(MS) ,,,,,1.0,2.0,,3.0
HS OF TELECOMMUNICATION ARTS & TECHNOLOGY(BS) ,1.0,1.0,1.0,,,1.0,2.0,6.0
HS for Community Leadership,1.0,,,2.0,,,,3.0
HS for Construction Trades Engineering & Architecture(QS),,6.0,,7.0,,,,13.0
HS for Excellence & Innovation(MN),1.0,,,,,,,1.0
HS for Innovation in Advertising & Media(BS),1.0,,,,,1.0,,2.0
HS for Medical Professions(BS),,,,,,,2.0,2.0
HS of Applied Communication(QN),,2.0,,,,,,2.0
HS of Sports Management(BS),,1.0,,,,,,1.0
HUMANITIES & ARTS MAGNET HS(QS),2.0,4.0,,3.0,1.0,1.0,1.0,12.0
HUMANITIES PREPARATORY ACADEMY(MS) ,,3.0,,1.0,,,,4.0
Hillside Arts & Letters Academy(QS),,,,2.0,,1.0,,3.0
Hudson HS of Learning Technologies(MS),3.0,3.0,,1.0,,1.0,1.0,9.0
ICE INSTITUTE FOR COLLABORATIVE EDUCATION(MS) ,,,,,1.0,,,1.0
IN-TECH ACADEMY (MS/HS 368) (XW),2.0,3.0,,,,,,5.0
INDEPENDENCE HS(MS),,1.0,,2.0,,1.0,,4.0
INFORMATION TECHNOLOGY HS(QN) ,1.0,2.0,1.0,,,,,4.0
INTERNATIONAL ARTS BUSINESS SCHOOL(BS),,,,1.0,,,,1.0
INTERNATIONAL HS@PROSPECT HEIGHTS(BS),,,,1.0,,1.0,,2.0
IS 109(BS),,2.0,,,,,,2.0
IS 109(QS),1.0,4.0,,7.0,,,7.0,19.0
IS 117 Joseph H. Wade(XW),,1.0,,,,,,1.0
IS 119(QN),,,1.0,,,,,1.0
IS 123(XE),,1.0,1.0,,,,,2.0
IS 125(XE),2.0,,2.0,,,,,4.0
IS 126 Albert Shanker School for Visual & Performing Arts(QN),,1.0,,1.0,,,,2.0
IS 139(XW),,,,1.0,,,,1.0
IS 14(BS),,2.0,4.0,1.0,,,,7.0
IS 141 Steinway(QN),1.0,1.0,,,,,,2.0
IS 142(BS),,1.0,,,,,1.0,2.0
IS 142(XE),1.0,5.0,,4.0,,,1.0,11.0
IS 143(MN),,3.0,,,,,,3.0
IS 145 Joseph Pulitzer(QN),1.0,4.0,2.0,3.0,,,1.0,11.0
IS 151(XW),3.0,1.0,3.0,,,,2.0,9.0
IS 158(XE),,,,,,,1.0,1.0
IS 162(BN),1.0,4.0,,,,,,5.0
IS 162(XW),2.0,6.0,2.0,4.0,,1.0,,15.0
IS 171 Abraham Lincoln(BN),1.0,1.0,,1.0,,,,3.0
IS 172(MN),1.0,7.0,8.0,1.0,,1.0,3.0,21.0
IS 184(XW) ,,10.0,3.0,2.0,,,,15.0
IS 192(QS),,3.0,,,,,3.0,6.0
IS 192(XE),,3.0,3.0,1.0,,,2.0,9.0
IS 195(MN),,1.0,,,,,,1.0
IS 2(SI),,1.0,1.0,12.0,,,4.0,18.0
IS 201(BS),1.0,,,,,,,1.0
IS 211(BS),2.0,,,,,,,2.0
IS 216 Business School for Entrepren. Studies(XE),,,,,,,1.0,1.0
IS 217 School of Performing Arts(Bronx),,3.0,,14.0,,,5.0,22.0
IS 218(BN),3.0,13.0,6.0,12.0,,,4.0,38.0
IS 218(MN),2.0,,2.0,1.0,,,,5.0
IS 219 NEW VENTURE SCHOOL(XE) ,,4.0,1.0,,,,,5.0
IS 220(BS),1.0,2.0,3.0,2.0,,,2.0,10.0
IS 223(BS),,1.0,1.0,,,,1.0,3.0
IS 227 Louis Armstrong Middle School(QN),1.0,,1.0,,,,,2.0
IS 227(BS),,2.0,3.0,2.0,,,1.0,8.0
IS 228(BS),,,1.0,,,,,1.0
IS 230(QN),,1.0,,,,,,1.0
IS 231 MAGNETECH 2000(QS),,1.0,,1.0,,,,2.0
IS 232,1.0,1.0,3.0,,,,,5.0
IS 232(BS),1.0,1.0,,4.0,,,1.0,7.0
IS 232(XW),,2.0,,2.0,,,1.0,5.0
IS 234(BS),,1.0,1.0,,,,,2.0
IS 237(QN),1.0,3.0,,,,,,4.0
IS 238(QS),,,1.0,5.0,,,,6.0
IS 24(SI),,2.0,1.0,3.0,,,7.0,13.0
IS 250(QS),,2.0,2.0,1.0,,,,5.0
IS 27(SI),,,3.0,,,,,3.0
IS 278(BS),,2.0,2.0,,,,,4.0
IS 281(BS),,4.0,,2.0,,,2.0,8.0
IS 285(BS),,3.0,,3.0,,,,6.0
IS 293(BS),,1.0,2.0,,,,,3.0
IS 30(BS),,,3.0,,,,,3.0
IS 302(BN),,3.0,3.0,2.0,,,,8.0
IS 339 SCHOOL OF COMM TECH(XE),,2.0,4.0,,,,,6.0
IS 34(SI),,,,2.0,,,1.0,3.0
IS 340(BS),1.0,,,,,,,1.0
IS 347 School ofHumanities(BN),,4.0,2.0,1.0,1.0,,1.0,9.0
IS 364 Annex(BN),,1.0,1.0,3.0,,,2.0,7.0
IS 364 Gateway(BN),,1.0,,1.0,,,1.0,3.0
IS 391(BS),4.0,9.0,,2.0,,,,15.0
IS 392(BN),,,,1.0,,,1.0,2.0
IS 43(SI) ,,1.0,,,,,,1.0
IS 49(BN),1.0,,,2.0,,,3.0,6.0
IS 49(SI),,,3.0,13.0,,,18.0,34.0
IS 5(QN),,,2.0,,,,,2.0
IS 51(SI),,2.0,,14.0,,,2.0,18.0
IS 53(QS),,5.0,,,,,,5.0
IS 61(QN),1.0,2.0,,,,,,3.0
IS 61(SI),4.0,,4.0,10.0,,,2.0,20.0
IS 62(BS),,1.0,,,,,,1.0
IS 68(BS),4.0,5.0,,9.0,1.0,,1.0,20.0
IS 7(SI),,8.0,,1.0,,,,9.0
IS 70(MS),,,2.0,2.0,,2.0,2.0,8.0
IS 72(SI),,,3.0,13.0,,,9.0,25.0
IS 73(QN),,1.0,1.0,1.0,,,1.0,4.0
IS 75(SI),,,,1.0,,,2.0,3.0
IS 77(QN),1.0,3.0,,2.0,,,,6.0
IS 78(BS),,3.0,1.0,,,,,4.0
IS 8(QS),2.0,6.0,1.0,12.0,,,3.0,24.0
IS 84(XE),,6.0,,,,,,6.0
IS 90(MN),1.0,4.0,,,,,,5.0
IS 96(BS),,4.0,,,,,,4.0
IS 98(XE),1.0,4.0,,3.0,,,,8.0
IS/JHS 13(MN),,1.0,,,,,,1.0
IS/JHS 167(MN),,,5.0,1.0,,,,6.0
IS/JHS 180(XE),,1.0,2.0,1.0,,,,4.0
IS/JHS 187(BS),,,1.0,,,,,1.0
IS/JHS 206(XW),,2.0,,,,,,2.0
IS/JHS 226(QS),,2.0,,,,,3.0,5.0
IS/JHS 229(XW),3.0,9.0,,,,,,12.0
IS/JHS 291(BN),,1.0,1.0,9.0,,1.0,1.0,13.0
IS/JHS 383(BN),,3.0,,2.0,,,4.0,9.0
IS/JHS 52 (MN),3.0,,1.0,,,,,4.0
IS/JHS 59(QS),,2.0,,,,,,2.0
IS/JHS 98(BS),,,,1.0,,,,1.0
IS/JHS 99(MN),1.0,7.0,1.0,,,,,9.0
Icahn Charter School 3(XW),1.0,,,,,,,1.0
Innovation Diploma Plus(Manhattan),1.0,,,,,2.0,,3.0
Institute for Health Professions at Cambria Heights(QS),1.0,,,,,,,1.0
International School for Liberal Arts(XW),,,1.0,,,,1.0,2.0
It Takes a Village Academy ITAVA(BS),,,,,,,1.0,1.0
JACQUELINE K ONASSIS HS(MS),,1.0,4.0,,,4.0,,9.0
JAMAICA HS(QS) ,,,,2.0,,1.0,,3.0
JAMAICA LEARNING CENTER(QS),1.0,2.0,,2.0,,,,5.0
JAMES MADISON HS(BS),16.0,5.0,7.0,10.0,,7.0,1.0,46.0
JANE ADDAMS HS FOR ACADEMIC CAREERS(XE) ,2.0,4.0,1.0,2.0,,8.0,4.0,21.0
JHS 104 Simon Baruch(MS),,,1.0,,,,,1.0
JHS 113(BN),,2.0,,1.0,,,,3.0
JHS 113(XE),2.0,9.0,4.0,2.0,,,2.0,19.0
JHS 117 Francis Scott Key(BN),,7.0,,2.0,,,,9.0
JHS 118(MN),,,,1.0,1.0,,,2.0
JHS 126(BN),,1.0,3.0,11.0,,,8.0,23.0
JHS 143(XW),,2.0,1.0,1.0,,2.0,,6.0
JHS 145 Arturo Toscanini(XW),3.0,6.0,2.0,2.0,,,1.0,14.0
JHS 149(XW),,3.0,,,,,,3.0
JHS 157(QN),1.0,,2.0,,,,,3.0
JHS 166 George Gershwin(BN),,4.0,,2.0,,,8.0,14.0
JHS 166 Roberto Clemente(XW),,9.0,,2.0,,,,11.0
JHS 185(QN),,,,,,,1.0,1.0
JHS 189(QN),,,2.0,,,,,2.0
JHS 190(QN),,1.0,,,,,,1.0
JHS 194(QN),,2.0,,2.0,,,,4.0
JHS 217(QS),3.0,5.0,5.0,9.0,,1.0,2.0,25.0
JHS 22 JORDAN L. MOTT(XW),1.0,2.0,2.0,,,,,5.0
JHS 231(QS),1.0,,,3.0,,1.0,,5.0
JHS 258 David Ruggles(BN),,6.0,2.0,2.0,,,,10.0
JHS 259 William McKinley(BS),,1.0,2.0,,,,,3.0
JHS 292(BN),3.0,1.0,,5.0,,,2.0,11.0
JHS 318(BN),2.0,1.0,2.0,,,,,5.0
JHS 50(BN),3.0,6.0,2.0,,,,,11.0
JHS 56(MS),1.0,1.0,,,,,1.0,3.0
JM Rapport School for Career Development(XW),4.0,21.0,1.0,2.0,,1.0,,29.0
JOHN ADAMS HS(QS),3.0,6.0,1.0,4.0,,1.0,1.0,16.0
JOHN BOWNE HS(QS),14.0,8.0,2.0,11.0,,11.0,10.0,56.0
JOHN DEWEY GED(BS),1.0,,,,,,,1.0
JOHN DEWEY HS(BS) ,2.0,3.0,3.0,4.0,,3.0,3.0,18.0
JOHN F. KENNEDY GED(XW),,,,,,1.0,,1.0
JOHN F. KENNEDY HS(XW),1.0,6.0,7.0,14.0,,7.0,8.0,43.0
JOHN JAY HS(BS),2.0,1.0,,7.0,,3.0,5.0,18.0
JONAS BRONCK ACADEMY(XW),,6.0,,,,,,6.0
JUAN MOREL CAMPOS SECONDARY SCH-IS 71K(BN),1.0,1.0,1.0,3.0,,,2.0,8.0
JUMP START ACADEMY(QS) ,,3.0,,,,,,3.0
Jamaica Gateway to the Sciences(QS),,,,1.0,,,,1.0
John F. Kennedy Jr. School (old P721 OTC)(QN),,3.0,,,,,,3.0
KAPPA I(XE),1.0,,,,,,,1.0
KAPPA III(XW),,1.0,,,,,,1.0
KAPPA IV(MN),,,1.0,,,,,1.0
KAPPA V(BN),,2.0,,4.0,,2.0,1.0,9.0
KINGSBRIDGE INTERNATIONAL HS(XW),3.0,,,1.0,,,1.0,5.0
KIPP AMP CHARTER SCHOOL(BN) ,,1.0,,,,,,1.0
Khalil Gibran International Academy,,,,6.0,,,,6.0
Khalil Gibran International Academy(BN),,1.0,,4.0,,,3.0,8.0
Kings Collegiate Charter School(BS),,,1.0,,,,,1.0
LAFAYETTE HS(BS) ,3.0,2.0,1.0,5.0,,4.0,1.0,16.0
LANDMARK HS(MS) ,,1.0,,,,1.0,1.0,3.0
LEADERSHIP & PUBLIC SERVICE HS(MS) ,,2.0,1.0,3.0,,1.0,4.0,11.0
LEADERSHIP INSTITUTE(XE) ,,,,2.0,,,,2.0
LEGACY HIGH  SCHOOL FOR INTEGRATED STUDIES(Manhattan),,4.0,,,,,,4.0
LEGACY SCHOOL FOR INTEGRATED STUDIES(MS) ,,1.0,,,,,,1.0
LEON M. GOLDSTEIN HS FOR THE SCIENCES(BS) ,1.0,,,,,,,1.0
LIBERTY HS ACADEMY FOR NEWCOMERS(MS) ,2.0,,,2.0,,1.0,,5.0
LIFE SCIENCES SECONDARY SCHOOL(MN) ,2.0,2.0,4.0,1.0,,1.0,,10.0
LONG ISLAND CITY HS(QN) ,4.0,,1.0,1.0,,,1.0,7.0
LOUIS D. BRANDEIS HS(MN) ,3.0,1.0,2.0,,,4.0,1.0,11.0
LOWER EAST SIDE PREPARATORY HS(MS),,1.0,,,,,,1.0
LOWER MANHATTAN ARTS ACADEMY(MS) ,,1.0,,,,,,1.0
Leadership Prep Bedford Stuyvesant Charter School(BN),,2.0,,1.0,,,1.0,4.0
Leadership Prep Brownsville Charter School(BN),,1.0,,,,,,1.0
Leadership Preparatory Ocean Hill Charter School(BN),,,,,,,1.0,1.0
Life Academy HS for Film & Music(BS),1.0,,,,,,,1.0
Lower Manhattan Community Middle School(MS) ,,1.0,,,,,,1.0
MANHATTAN COMPREHENSIVE DAY & NIGHT HS(MS) ,,2.0,,,,,,2.0
MANHATTAN VILLAGE ACADEMY(MS) ,,1.0,,2.0,,,,3.0
MARBLE HILL HS FOR INTERNATIONAL STUDIES(XW) ,,1.0,,,,,,1.0
MARTE VALLE SECONDARY SCHOOL(MS) ,,1.0,,,,,,1.0
MARTIN VAN BUREN HS(QS),3.0,1.0,2.0,1.0,,3.0,1.0,11.0
MATHEMATICS SCIENCE RESEARCH & TECHNOLOGY MAGNET HS(QS),,2.0,,,1.0,1.0,,4.0
MEDGAR EVERS COLLEGE PREPARATORY SCHOOL(BS),,10.0,,,,,2.0,12.0
METROPOLITAN CORPORATE ACADEMY HS(BN) ,,,,1.0,,,,1.0
MICHAEL J. PETRIDES HS(SI) ,1.0,1.0,,9.0,,,4.0,15.0
MIDDLE COLLEGE HIGH SCHOOL AT LAGUARDIA COMMUNITY COLLEGE(Queens),,1.0,,,,,,1.0
MIDWOOD HS(BS),4.0,,2.0,9.0,,1.0,1.0,17.0
MILLENIUM ART ACADEMY(XE) ,1.0,,,2.0,,,,3.0
MILLENIUM HS(MS),,1.0,1.0,,,,,2.0
MONROE ACADEMY FOR BUSINESS & LAW(XE) ,1.0,1.0,,,,,,2.0
MONROE ACADEMY FOR VISUAL ARTS & DESIGN(XE) ,1.0,,,,,2.0,,3.0
MORRIS ACADEMY FOR COLLABORATIVE STUDIES(XE),,2.0,,,,1.0,,3.0
MORRIS HS(XE),1.0,4.0,1.0,8.0,,4.0,,18.0
MOTT HALL BRONX HS(XE),,1.0,,1.0,,,,2.0
MOTT HALL HS(MN),3.0,,2.0,1.0,,2.0,,8.0
MOTT HALL V(XE) ,,1.0,1.0,,,1.0,,3.0
MOTT HAVEN VILLAGE PREPARATORY HS(XW) ,,1.0,,,1.0,,,2.0
MS 101(XE),,,1.0,1.0,,,1.0,3.0
MS 118(BX),3.0,12.0,1.0,2.0,,,3.0,21.0
MS 118(XW),1.0,1.0,,,,,,2.0
MS 127(XE),,,1.0,,,,1.0,2.0
MS 131(MS),1.0,1.0,1.0,,,,1.0,4.0
MS 131(XE),,,2.0,,,,,2.0
MS 135(XE),2.0,,4.0,1.0,,,1.0,8.0
MS 136(BS),,2.0,2.0,,,,,4.0
MS 137(QS),3.0,9.0,4.0,1.0,,,1.0,18.0
MS 144(XE),3.0,1.0,9.0,2.0,1.0,,1.0,17.0
MS 172(QS),,2.0,1.0,,,,,3.0
MS 174(XE),2.0,6.0,,1.0,,1.0,2.0,12.0
MS 181(XE),,2.0,,2.0,,,4.0,8.0
MS 2(BS),,1.0,1.0,6.0,,,,8.0
MS 201 SCHOOL OF THEATRE ARTS & RES(XE),,7.0,2.0,1.0,,,3.0,13.0
MS 202(QS),,3.0,2.0,,,,,5.0
MS 203(XW),,7.0,1.0,2.0,,,4.0,14.0
MS 210(QS),3.0,6.0,,14.0,1.0,1.0,3.0,28.0
MS 216(QS),,,1.0,2.0,,,1.0,4.0
MS 246 Walt Whitman(BS),3.0,1.0,1.0,4.0,,,,9.0
MS 254(XW),1.0,1.0,1.0,,,,,3.0
MS 255 Salk School of Science(MS),,,,1.0,,,,1.0
MS 260M - Clinton School for Writers & Artist,1.0,,,,,,,1.0
MS 267 Math Science & Technology School(BN),,4.0,,4.0,,,,8.0
MS 301(XE),1.0,3.0,3.0,,,,,7.0
MS 308(XW),,,1.0,,,,,1.0
MS 318(XW),,1.0,2.0,1.0,,,1.0,5.0
MS 319 Maria Teresa(MN),1.0,,,,,,,1.0
MS 328 Manhattan Middle School for Scientific Inquiry(MN),1.0,7.0,1.0,5.0,1.0,,,15.0
MS 390(BN),1.0,1.0,,,,,1.0,3.0
MS 390(XW),,1.0,,,,,,1.0
MS 391(XW),5.0,2.0,,,,,,7.0
MS 394(BN),1.0,6.0,1.0,4.0,,,5.0,17.0
MS 399(XW),,,1.0,,,,,1.0
MS 45 STARS Prep Academy(MN),,1.0,,,,,,1.0
MS 45 Thomas C. Giordano(XW),1.0,3.0,4.0,,,,2.0,10.0
MS 51(BS),,3.0,,,,,,3.0
MS 57(BN),,2.0,1.0,1.0,,,,4.0
MS 61(BS),2.0,1.0,1.0,6.0,,,,10.0
MS 67(QN),,,1.0,,,,,1.0
MS 72(QS),2.0,1.0,6.0,1.0,,,1.0,11.0
MS 80(XW),,3.0,2.0,,,,,5.0
MS 839 (BS),,,1.0,,,,,1.0
MS 88(BS),1.0,,3.0,1.0,,,,5.0
MURRY BERGTRAUM HS FOR BUSINESS CAREERS(MS),6.0,,,,,,,6.0
Manhattan ALC Battery Park(MS),2.0,4.0,2.0,1.0,,4.0,,13.0
Manhattan ALC Boys Club of NY(MS),,,,,,1.0,,1.0
Manhattan ALC East Harlem(MN),,3.0,,,,,,3.0
Manhattan Academy for Arts & Language(MS),,2.0,,2.0,,,,4.0
Manhattan Business Academy(MS),,,1.0,,,,,1.0
Manhattan School for Career Development P751(MS),,4.0,2.0,,,,,6.0
Mark Twain IS 239 for the Gifted & Talented(BS),,,1.0,,,,,1.0
Marta Valle Model HS(MS),,1.0,,,,,,1.0
Maspeth HS(QN),,2.0,,,,,2.0,4.0
McCown Expeditionary Learning School(SI),,2.0,,,,2.0,2.0,6.0
Metropolitan Diploma Plus HS(BN),5.0,5.0,,,1.0,,,11.0
Metropolitan Expeditionary Learning School(QN),1.0,,,,,,2.0,3.0
Monroe Academy Annex(XE),,3.0,,,,,,3.0
Mott Hall Community School(XE),,1.0,1.0,,,,,2.0
Mott Hall III(XE),,2.0,,,,,,2.0
Multicultural HS(BN),3.0,,,,,,2.0,5.0
Murray Hill Academy(MS),,1.0,,,,,,1.0
NEST+M NEW EXPLORATIONS INTO SCIENCE TECHNOLOGY & MATH HS(MS),,1.0,,1.0,,,,2.0
NEW DESIGN HS(MS) ,2.0,,,1.0,,1.0,,4.0
NEW DORP EVENING M/W(SI),,,,,,,5.0,5.0
NEW DORP HS(SI),5.0,3.0,1.0,42.0,2.0,4.0,22.0,79.0
NEW EXPLORERS HS(XW),,1.0,1.0,2.0,,1.0,,5.0
NEW SCHOOL FOR ARTS & SCIENCES(XE),1.0,,,,,,,1.0
NEW UTRECHT HS(BS) ,1.0,6.0,1.0,1.0,,3.0,1.0,13.0
NEW WORLD HS(XE),,,,1.0,,,,1.0
NEWCOMERS HS(QN),,1.0,,,,,,1.0
NEWTOWN HS ANNEX(QN),,1.0,,,,,,1.0
NEWTOWN HS(QN),,1.0,,4.0,,,1.0,6.0
NORMAN THOMAS HS(MS),2.0,1.0,,1.0,,2.0,,6.0
NYC LAB SCHOOL FOR COLLABORATIVE STUDIES(MS) ,,,1.0,,,2.0,,3.0
NYC MUSEUM SCHOOL(MS),,,,1.0,,,,1.0
Nelson Mandela HS(BN),1.0,2.0,,6.0,,,,9.0
New MS@Q314 (QS),,6.0,,1.0,,,,7.0
New Millennium Business Academy Middle School(XW),,,1.0,,,,,1.0
New Settlement Community Campus(XW),,3.0,,,,,,3.0
New Visions Charter High School for Advance Math & Science III,,1.0,,,,,,1.0
New York City Academy for Discovery(QS),,1.0,,1.0,,,,2.0
North Queens Community HS(QS),3.0,1.0,,,,1.0,,5.0
OFFSITE EDUCATION SERVICE(QS),1.0,,,,,,2.0,3.0
Olympus Academy(BS),,1.0,,1.0,,,2.0,4.0
Origins High School,,,,2.0,,,,2.0
P036K(Brooklyn),1.0,3.0,,,,,1.0,5.0
P140(BN),,9.0,,1.0,,,1.0,11.0
P162(MN),,1.0,,,,,,1.0
P168 Annex(XW),,1.0,,,,,,1.0
P169(MN),1.0,6.0,2.0,,,,,9.0
P177(QN),,2.0,,,,,,2.0
P17@IS184(XW),,,1.0,2.0,,,,3.0
P186(XE),1.0,17.0,2.0,3.0,,,,23.0
P188@JHS120(XE),,1.0,,,,,,1.0
P224(QS),,1.0,,,,,,1.0
P25 Annex Arthur Kill Road(SI),1.0,2.0,1.0,1.0,,,1.0,6.0
P25 South Richmond(SI),5.0,9.0,4.0,2.0,,2.0,,22.0
P256@Beach Channel HS(QS),2.0,2.0,,,,,,4.0
P35(MS),6.0,7.0,3.0,3.0,,7.0,1.0,27.0
P36(BS),,1.0,,,,,,1.0
P369(BN),2.0,5.0,1.0,2.0,,,1.0,11.0
P37(SI),,2.0,,,,,,2.0
P371(BS),2.0,1.0,,2.0,,,,5.0
P371ANNEX(BS),,1.0,,,,,,1.0
P373 BKYLN TRANSITION CTR(BN),1.0,10.0,,2.0,,,,13.0
P373(SI),,3.0,,1.0,,,,4.0
P4@P179(QS),,1.0,,,,,,1.0
P721 OTC(BS),,1.0,,,,,,1.0
P721 OTC(XE),,4.0,,,,,,4.0
P723(XE),3.0,3.0,,,,,1.0,7.0
P752 CAREER DEV.(QS),4.0,20.0,,,,2.0,2.0,28.0
P752@LAW & ENFORCEMENT(QS),,1.0,,,,,,1.0
P753 SCHOOL FOR CAREER DEV.(BN),1.0,1.0,1.0,1.0,,4.0,,8.0
P771(BS),,3.0,,,,,,3.0
P811 BRONX CMHC(XE),,8.0,,,,,,8.0
P811 CMHC(BS),,1.0,,,,,,1.0
P811 Mickey Mantle School(MN),,3.0,2.0,,,,,5.0
P94(MS),,1.0,,,,,,1.0
P9@WALTER REED SCHOOL(QN),,4.0,1.0,,,,,5.0
PACE HS(MS),1.0,,1.0,,,,,2.0
PACIFIC HS(BN),,1.0,,,,,,1.0
PAL Longwood Suspension Center(XE),,1.0,,,,,,1.0
PARK EAST HS(MN),,1.0,,,,,,1.0
PARK WEST HS(MS) ,2.0,,1.0,1.0,,5.0,,9.0
PATHWAYS COLLEGE PREPARATORY SCHOOL(QS),1.0,,,,,,,1.0
PAUL ROBESON HS(BN) ,1.0,2.0,,7.0,,3.0,2.0,15.0
PEACE & DIVERSITY ACADEMY(XE) ,1.0,,,,,,1.0,2.0
PORT RICHMOND HS(SI) ,5.0,10.0,4.0,22.0,1.0,2.0,6.0,50.0
PROGRESS HS FOR PROFESSONAL STUDIES(BN) ,1.0,4.0,,5.0,,1.0,6.0,17.0
PROSPECT HEIGHTS EVENING M/W(BS),,1.0,,,,,,1.0
PROSPECT HEIGHTS HS(BS),8.0,4.0,1.0,1.0,,3.0,2.0,19.0
PS 062R,,,,2.0,,,1.0,3.0
PS 1(BS),,,,1.0,,,,1.0
PS 1(XW),,,1.0,,,,,1.0
PS 101(MN),,6.0,1.0,,,,,7.0
PS 102(BS),1.0,4.0,,,,,1.0,6.0
PS 102(MN),1.0,2.0,,1.0,,,,4.0
PS 103(XE),,3.0,,,,,,3.0
PS 104(BS),,,,3.0,,,1.0,4.0
PS 104(QS),,1.0,2.0,,,,,3.0
PS 105(QS),1.0,6.0,3.0,,,,,10.0
PS 105(XE),,1.0,,,,,,1.0
PS 106(QS),,2.0,,,,,1.0,3.0
PS 106(XE),,2.0,,,,,,2.0
PS 107(QN),1.0,1.0,,,,,,2.0
PS 107(XE),,1.0,,,,,,1.0
PS 108(MN),1.0,2.0,,,,,,3.0
PS 108(QS),,1.0,,,,,,1.0
PS 108(XE),,,,1.0,,,,1.0
PS 109(BROOKLYN),,1.0,,,,,1.0,2.0
PS 109(XW),,4.0,,1.0,,,,5.0
PS 11(SI),,3.0,,2.0,,,2.0,7.0
PS 110 Theodore Schoenfeld(XE),,3.0,,1.0,,,,4.0
PS 110Q @ PS 315Q (QN),1.0,,,,,,,1.0
PS 111 Jacob Blackwell(QN),1.0,,,,,,,1.0
PS 112(BS),,,,1.0,,,,1.0
PS 113 Isaac Chauncey(QN),,,2.0,,,,,2.0
PS 113(MN),,1.0,,,,,,1.0
PS 114(BS),,3.0,,,,,1.0,4.0
PS 114(XW),,3.0,,1.0,,,,4.0
PS 115(MN),,1.0,,,,,,1.0
PS 116(BN),1.0,2.0,,,,,2.0,5.0
PS 117(QS),,2.0,,,,,,2.0
PS 118(QS),1.0,1.0,,,,,1.0,3.0
PS 119(BS),,,,1.0,,,,1.0
PS 119(XE),1.0,,,,,,,1.0
PS 12(BN),,2.0,,2.0,,,1.0,5.0
PS 12(QN),,1.0,,,,,,1.0
PS 12(XE),2.0,1.0,,,,,,3.0
PS 120(QN),,1.0,,1.0,,,,2.0
PS 121(XE),1.0,,,,,,,1.0
PS 122 Mamie Fay(QN),,3.0,,,,,,3.0
PS 123(BN),,1.0,,,,,,1.0
PS 123(MN),1.0,4.0,4.0,1.0,,2.0,,12.0
PS 124 OSMOND A CHURCH(QS),,1.0,,,,,,1.0
PS 124 Yung Wing(MS),,1.0,,,,,,1.0
PS 125(MN),,1.0,,,,,,1.0
PS 126 Jacob August Riis(MS),,,,2.0,,,,2.0
PS 126(XW),,1.0,1.0,,,,,2.0
PS 127 Aerospace & Science Academy(QN),,3.0,,,,,,3.0
PS 128 Juniper Valley(QN),,,,1.0,,,1.0,2.0
PS 128 MINISCHOOL(MN),,1.0,,,,,,1.0
PS 129(MN),,,1.0,,,,,1.0
PS 129(QN),,1.0,,,,,,1.0
PS 129(XW),,4.0,3.0,,,,1.0,8.0
PS 13(BN),,3.0,,,,,,3.0
PS 13(QN),,2.0,,,,,,2.0
PS 13(SI),,3.0,,1.0,,,1.0,5.0
PS 130(BS),,,,,,,1.0,1.0
PS 132 ANNEX Suspension Site(MN),,1.0,1.0,1.0,,,,3.0
PS 132(BN),,1.0,,,,,,1.0
PS 132(MN),,2.0,,,,,,2.0
PS 132(QS),,1.0,,,,,,1.0
PS 132(XE),1.0,2.0,,3.0,,,,6.0
PS 133(MN),,,1.0,,,,,1.0
PS 134 Henrietta Szold(MS),,1.0,,,,,,1.0
PS 134(XE),,,,1.0,,,1.0,2.0
PS 135(QS),,2.0,,,,,2.0,4.0
PS 138(BN),,3.0,,1.0,,,,4.0
PS 138(QS),,,,,,,1.0,1.0
PS 139(BS),,2.0,,,,,,2.0
PS 140 Nathan Straus(MS),,1.0,,1.0,,,1.0,3.0
PS 140(QS),,1.0,,1.0,,,,2.0
PS 143(QN),,1.0,,,,,,1.0
PS 145(BN),,,,1.0,,,1.0,2.0
PS 145(MN),,2.0,1.0,,,,,3.0
PS 146(MN),,1.0,,,,,,1.0
PS 146(QS),,,,2.0,,,,2.0
PS 147 RONALD MCNAIR(QS),,1.0,,,,,,1.0
PS 147(BN),,1.0,,6.0,,,6.0,13.0
PS 148(QN),,2.0,,,,,,2.0
PS 149(Brooklyn),,2.0,,,,,,2.0
PS 149(MN),1.0,3.0,,1.0,,,,5.0
PS 15(Bronx),,1.0,,,,,,1.0
PS 15(Brooklyn),,1.0,,,,,,1.0
PS 150(Brooklyn),,1.0,,3.0,,,,4.0
PS 152(Bronx),1.0,,,,,,,1.0
PS 152(Brooklyn),,1.0,,,,,,1.0
PS 152(Manhattan),,1.0,,,,,,1.0
PS 152(Queens),,,,,,,1.0,1.0
PS 153(Bronx),,,,2.0,,,3.0,5.0
PS 153(Manhattan),,,1.0,,,,,1.0
PS 154(Bronx),,,,1.0,,,,1.0
PS 154(Queens),1.0,,,,,,,1.0
PS 155(Brooklyn),,1.0,,2.0,,,1.0,4.0
PS 155(Manhattan),3.0,,,,,,,3.0
PS 156(Brooklyn),,3.0,,2.0,,,2.0,7.0
PS 156(Queens),,,,2.0,,,,2.0
PS 157(Bronx),,1.0,,,,,,1.0
PS 157(Brooklyn),2.0,,,,,,4.0,6.0
PS 16 (Staten Island),2.0,4.0,,1.0,,,,7.0
PS 16(Bronx),,1.0,,,,,,1.0
PS 16(Queens),,2.0,,,,,,2.0
PS 160(Queens),,1.0,,,,,,1.0
PS 161(Bronx),,3.0,,1.0,,,,4.0
PS 161(Manhattan),,1.0,,,,,,1.0
PS 163 Bath Beach (Brooklyn),,1.0,3.0,1.0,,,,5.0
PS 163(Manhattan),1.0,1.0,1.0,,,,,3.0
PS 163(Queens),,4.0,,,,,,4.0
PS 164(Brooklyn),,1.0,,,,,,1.0
PS 164(Queens),1.0,,,,,,,1.0
PS 165(Brooklyn),2.0,5.0,1.0,3.0,,,4.0,15.0
PS 165(Manhattan),,5.0,1.0,,,,1.0,7.0
PS 165(Queens),,1.0,,,,,,1.0
PS 166(Queens),,1.0,,,,,,1.0
PS 169(Queens),1.0,,,,,,,1.0
PS 171(Manhattan),1.0,,1.0,,,,2.0,4.0
PS 172(Bronx),,3.0,,,,,,3.0
PS 174(Brooklyn),,9.0,,8.0,,,,17.0
PS 175(Manhattan),1.0,,,,,,,1.0
PS 175(Queens),,1.0,,,,,,1.0
PS 176(Bronx),,1.0,,,,,,1.0
PS 178(Bronx),,2.0,,,,,,2.0
PS 178(Brooklyn),,,,10.0,,,4.0,14.0
PS 179(XW),,2.0,,1.0,,,,3.0
PS 18(Manhattan),,1.0,,,,,,1.0
PS 18(Staten Island),1.0,1.0,1.0,,,,,3.0
PS 180(Brooklyn),1.0,2.0,,,,,,3.0
PS 180(Manhattan),2.0,1.0,,,,,,3.0
PS 181(Brooklyn),,4.0,,1.0,,,,5.0
PS 182 Samantha Smith(QS),,,,,,,4.0,4.0
PS 182(XE),,2.0,,,,,,2.0
PS 183(Brooklyn),,4.0,,3.0,,,,7.0
PS 184(Brooklyn),,2.0,,3.0,,,,5.0
PS 184-Shuang Wen(Manhattan),,,,1.0,,,,1.0
PS 185(Brooklyn),,1.0,,,,,,1.0
PS 186(Brooklyn),,,,1.0,,,,1.0
PS 186(Queens),,2.0,,,,,,2.0
PS 188 (BRONX),,1.0,,,,,,1.0
PS 188 The Island School(Manhattan),,7.0,,,,1.0,,8.0
PS 189(Brooklyn),,2.0,,,,,,2.0
PS 189(Manhattan),,,1.0,,,,,1.0
PS 19 Asher Levy (Manhattan),,3.0,,,,,,3.0
PS 191(Brooklyn),,2.0,,5.0,,,1.0,8.0
PS 191(Manhattan),,3.0,,,,,,3.0
PS 191(Queens),,2.0,,,,,,2.0
PS 192 # 2(Manhatan),,1.0,,,,,,1.0
PS 192(Brooklyn),,1.0,,,,,,1.0
PS 194 Countee Cullen(MN),1.0,,1.0,,,,2.0,4.0
PS 194(Brooklyn),,,,2.0,,,,2.0
PS 195(Brooklyn),,1.0,,,,,,1.0
PS 195(Queens),,1.0,,,,,,1.0
PS 196(Bronx),,2.0,,,,,,2.0
PS 196(Brooklyn),2.0,3.0,,,,,,5.0
PS 196(Queens),,,1.0,,,,,1.0
PS 197(Brooklyn),,,,1.0,,,,1.0
PS 197(Manhattan),,,1.0,,,,1.0,2.0
PS 197(Queens),,1.0,,,,,,1.0
PS 198(Brooklyn),,,,1.0,,,1.0,2.0
PS 198(Manhattan),,1.0,,,,,,1.0
PS 199(Bronx),,9.0,,,,,,9.0
PS 2 Meyer London(Manhattan),1.0,1.0,,,,,,2.0
PS 20 Anna Silver(Manhattan),1.0,,,1.0,,,1.0,3.0
PS 20(Bronx),,1.0,,,,,,1.0
PS 20(Brooklyn),,4.0,,,,,,4.0
PS 200(Brooklyn),1.0,,,1.0,,,,2.0
PS 200(Queens),1.0,,,,,,,1.0
PS 202(Brooklyn),,,,1.0,,,,1.0
PS 203(Brooklyn),,3.0,,,,,,3.0
PS 203(Queens),,1.0,,,,,,1.0
PS 204 Morris Heights(XW),,1.0,,,,,,1.0
PS 205(Bronx),,2.0,,,,,,2.0
PS 205(Brooklyn),1.0,,,,,,,1.0
PS 206(Brooklyn),,4.0,1.0,,,,4.0,9.0
PS 207(Bronx),,1.0,,,,,,1.0
PS 207(Brooklyn),1.0,,,1.0,,,,2.0
PS 207(Queens),,3.0,,,,,1.0,4.0
PS 208(Brooklyn),,1.0,,,,,,1.0
PS 208(Manhattan),,1.0,1.0,,,,,2.0
PS 209(Bronx),,1.0,,,,,,1.0
PS 209(Brooklyn),,1.0,,,,,,1.0
PS 209(Queens),,1.0,,,,,,1.0
PS 21(Bronx),,,1.0,,,,,1.0
PS 21(Brooklyn),1.0,,,,,,,1.0
PS 21(Staten Island),,2.0,,,,,,2.0
PS 211(Bronx),,7.0,,,,,,7.0
PS 212(Brooklyn),,1.0,,,,,,1.0
PS 213(Brooklyn),,8.0,,4.0,,,3.0,15.0
PS 214(Bronx),1.0,5.0,2.0,3.0,,,,11.0
PS 214(Brooklyn),,3.0,,3.0,,,,6.0
PS 215(Brooklyn),,2.0,,1.0,,,,3.0
PS 215(Queens),,,,,,,1.0,1.0
PS 216(Brooklyn),,1.0,,,,,,1.0
PS 217(Brooklyn),1.0,3.0,,,,,,4.0
PS 218(Bronx),,1.0,,,,,,1.0
PS 219(Brooklyn),,1.0,,,,,,1.0
PS 219(Queens),,2.0,,1.0,,,,3.0
PS 22(BN),1.0,2.0,,,,,1.0,4.0
PS 22(Queens),,2.0,,,,,1.0,3.0
PS 22(Staten Island),,4.0,,,,,,4.0
PS 221(Brooklyn),,,,1.0,,,1.0,2.0
PS 223(Queens),,2.0,,,,,,2.0
PS 224(Brooklyn),,,,,,,1.0,1.0
PS 224@P710(Queens),,,,,,,1.0,1.0
PS 225(Brooklyn),1.0,8.0,,4.0,,,,13.0
PS 226(Brooklyn),,,1.0,,,,1.0,2.0
PS 23(Brooklyn),,2.0,,,,,,2.0
PS 23(Staten Island),,1.0,,,,,,1.0
PS 230(Bronx),1.0,1.0,,,,,,2.0
PS 230(Brooklyn),,,,,,,1.0,1.0
PS 234(Bronx),,6.0,1.0,,,,,7.0
PS 234(Manhattan),,,,1.0,,,,1.0
PS 235 Lenox School(BS),,1.0,,,,,,1.0
PS 238(Brooklyn),,1.0,2.0,1.0,,,,4.0
PS 24(Brooklyn),,1.0,,,,,,1.0
PS 24(Queens),,1.0,1.0,,,,,2.0
PS 242 (Manhattan),,4.0,1.0,,,,1.0,6.0
PS 243(Brooklyn),,4.0,,,,,2.0,6.0
PS 244(BS),,1.0,,,,,1.0,2.0
PS 245(Brooklyn),,,,,,,1.0,1.0
PS 246(Bronx),,5.0,,,,,,5.0
PS 249(Brooklyn),,1.0,,,,,1.0,2.0
PS 25(Bronx),,1.0,,2.0,,,,3.0
PS 25(Brooklyn),,2.0,,,,,10.0,12.0
PS 250(Brooklyn),,,,1.0,,,,1.0
PS 251(Queens),,1.0,1.0,,,,,2.0
PS 253(Queens),,3.0,,2.0,,,,5.0
PS 256 @ PS 43(Queens),,,1.0,,,,1.0,2.0
PS 256(Brooklyn),,1.0,,1.0,,,,2.0
PS 257(Brooklyn),,,2.0,,,,,2.0
PS 26 (Brooklyn),,1.0,,,,,,1.0
PS 261(Brooklyn),,,,1.0,,,,1.0
PS 262(Brooklyn),,2.0,1.0,,,,1.0,4.0
PS 268 (QUEENS),,,,4.0,,,2.0,6.0
PS 270(Brooklyn),,4.0,,,1.0,,,5.0
PS 270(Queens),,3.0,,,,,,3.0
PS 273 (Queens),,,,1.0,,,,1.0
PS 273(Brooklyn),1.0,,,2.0,,,1.0,4.0
PS 276(Brooklyn),,1.0,,,,,,1.0
PS 277(Brooklyn),,,,1.0,,,,1.0
PS 279(Bronx),,1.0,,1.0,,,1.0,3.0
PS 279(Brooklyn),1.0,5.0,,,,,3.0,9.0
PS 28(Manhattan),1.0,1.0,,,,,,2.0
PS 280(Bronx),,1.0,,,,,2.0,3.0
PS 282(Brooklyn),,3.0,1.0,,,,,4.0
PS 284 Lew Wallace(BN),,1.0,,,,,,1.0
PS 287(Brooklyn),,,,,,1.0,3.0,4.0
PS 289(Brooklyn),,,,1.0,,,,1.0
PS 29(Bronx),,4.0,,,1.0,,,5.0
PS 290(Brooklyn),,5.0,,,,,1.0,6.0
PS 291(Bronx),,1.0,,,,,,1.0
PS 297(Brooklyn),1.0,,,,,,,1.0
PS 298(Brooklyn),,1.0,,1.0,1.0,,1.0,4.0
PS 299(Brooklyn),,1.0,,,,,1.0,2.0
PS 3(Brooklyn),,2.0,,1.0,,,,3.0
PS 3(Staten Island),,1.0,,,,,,1.0
PS 30 (Manhattan),1.0,,,,,3.0,,4.0
PS 30(Staten Island),,1.0,,,,,,1.0
PS 304(Brooklyn),,1.0,,,,,,1.0
PS 305(Brooklyn),,5.0,,1.0,,,,6.0
PS 306(Bronx),,2.0,,,,,,2.0
PS 306(Brooklyn),,2.0,1.0,5.0,,,2.0,10.0
PS 307(Bronx),,2.0,,,,,,2.0
PS 307(Brooklyn),,2.0,,1.0,,,,3.0
PS 308(Brooklyn),2.0,5.0,1.0,14.0,,,2.0,24.0
PS 309(Brooklyn),1.0,,,,,,1.0,2.0
PS 31(Bronx),,1.0,,,,,,1.0
PS 31(Staten Island),,2.0,1.0,,,,,3.0
PS 315(Brooklyn),,1.0,,,,,,1.0
PS 316(Brooklyn),,1.0,1.0,1.0,,,,3.0
PS 32(Bronx),,7.0,,,,,,7.0
PS 32(Brooklyn),,2.0,,,,,2.0,4.0
PS 32(Queens),,1.0,,,,,,1.0
PS 327(Brooklyn),,4.0,,,,,2.0,6.0
PS 329(Brooklyn),,1.0,,,,,,1.0
PS 33 Chelsea Prep(Manhattan),1.0,1.0,,,,,1.0,3.0
PS 33(Bronx),,4.0,,,,,,4.0
PS 332(Brooklyn),,3.0,,,,,,3.0
PS 335(Brooklyn),,3.0,1.0,,,,,4.0
PS 34 Franklin D. Roosevelt(Manhattan),,1.0,,1.0,,,1.0,3.0
PS 34(Bronx),,2.0,,,,,,2.0
PS 34(Queens),,1.0,,2.0,,,1.0,4.0
PS 340(Bronx),,1.0,,,,,,1.0
PS 345(Brooklyn),,,,,,,2.0,2.0
PS 346(Brooklyn),1.0,1.0,,3.0,,,3.0,8.0
PS 35(Bronx),,4.0,1.0,,,,,5.0
PS 36(Manhattan),,,,2.0,,,,2.0
PS 36(Staten Island),,,,1.0,,,,1.0
PS 361(Brooklyn),,1.0,,,,,,1.0
PS 37(Queens),,1.0,,,,,,1.0
PS 375(Brooklyn),,2.0,,,,,2.0,4.0
PS 377(Brooklyn),,,,2.0,,,2.0,4.0
PS 38(Brooklyn),,2.0,,,,,,2.0
PS 38(Manhattan),2.0,1.0,1.0,1.0,,,1.0,6.0
PS 38(Staten Island),,,,2.0,,,,2.0
PS 384(Brooklyn),,,,1.0,,,,1.0
PS 39(Brooklyn),,,,2.0,,,,2.0
PS 396(Bronx),,2.0,,,,,,2.0
PS 397(Brooklyn),1.0,,,,,,,1.0
PS 4(Bronx),,1.0,,,,,1.0,2.0
PS 4(Manhattan),,,1.0,,,,,1.0
PS 41(Bronx),,,1.0,,,,1.0,2.0
PS 41(Brooklyn),5.0,,,1.0,,,,6.0
PS 42 (ANNEX)(Staten Island),,2.0,,,,,,2.0
PS 42 Benjamin Altman(Manhattan),,1.0,,,,,,1.0
PS 42(Queens),4.0,,,3.0,,,1.0,8.0
PS 42(Staten Island),,1.0,,,,,,1.0
PS 42(XE),,1.0,,1.0,,,,2.0
PS 43(Bronx),,1.0,,,,,,1.0
PS 43(Queens),2.0,4.0,,,,,,6.0
PS 44(Bronx),,2.0,,,,,,2.0
PS 44(Brooklyn),,2.0,,,,,1.0,3.0
PS 44(Staten Island),,,,2.0,,,,2.0
PS 45(Brooklyn),,2.0,,,,,1.0,3.0
PS 45(Queens),,,,1.0,,,1.0,2.0
PS 45(Staten Island),,,,1.0,,,,1.0
PS 452(MN),,2.0,,,,,,2.0
PS 46(Bronx),,2.0,,,,,,2.0
PS 46(Brooklyn),1.0,3.0,1.0,,,,,5.0
PS 46(Manhattan),2.0,2.0,2.0,4.0,,,,10.0
PS 46(Queens),1.0,,,,,,,1.0
PS 46(Staten Island),,2.0,,,,,,2.0
PS 47(Bronx),1.0,,,,,,,1.0
PS 48 William C. Wilcox(SI),,,,2.0,,,2.0,4.0
PS 48(Bronx),,,,,,,1.0,1.0
PS 48(Manhattan),,3.0,,,,,,3.0
PS 49 (Bronx),,3.0,1.0,2.0,,,1.0,7.0
PS 5(Bronx),1.0,4.0,1.0,,,,2.0,8.0
PS 5(Brooklyn),,1.0,,1.0,,,,2.0
PS 50 (Manhattan),,5.0,,,,,2.0,7.0
PS 50(Queens),,2.0,,,,,,2.0
PS 506 School of Journalism & Technology(Brooklyn),,,,1.0,,,,1.0
PS 52(Brooklyn),1.0,,,,,,,1.0
PS 53(Bronx),,2.0,,1.0,,,,3.0
PS 53(Staten Island),,,,,,,2.0,2.0
PS 54(Bronx),,1.0,,,,,,1.0
PS 54(Brooklyn),,,,1.0,,,,1.0
PS 54(Staten Island),,,,,,,2.0,2.0
PS 55(XE),,1.0,,,,1.0,,2.0
PS 56 Norwood Heights(Bronx),,1.0,,,,,,1.0
PS 56(Brooklyn),,1.0,2.0,,,,,3.0
PS 57(Bronx),,10.0,1.0,1.0,,1.0,,13.0
PS 57(Manhattan),,2.0,,,,,,2.0
PS 57(Staten Island),,,,,,,1.0,1.0
PS 58 (STATEN ISLAND),,1.0,,,,,,1.0
PS 58(Bronx),,,,1.0,,,,1.0
PS 58(Queens),,,1.0,,,,,1.0
PS 59(Bronx),,2.0,,,,,,2.0
PS 59(Brooklyn),,2.0,,1.0,,,,3.0
PS 6(Bronx),,2.0,,1.0,,,,3.0
PS 6(Brooklyn),,1.0,,,,,,1.0
PS 6(Manhattan),,,1.0,,,,1.0,2.0
PS 6(Staten Island),,2.0,,,,,,2.0
PS 60(Bronx),,3.0,,,,,1.0,4.0
PS 60(Staten Island),,2.0,,,,,,2.0
PS 63(Bronx),,5.0,,1.0,,,,6.0
PS 63(Queens),,1.0,,,,,,1.0
PS 65(Bronx),,3.0,,1.0,,,,4.0
PS 65(Queens),,,,1.0,,,,1.0
PS 66 (BROOKLYN),,1.0,1.0,,,,2.0,4.0
PS 66 (Bronx),2.0,,,,,,,2.0
PS 67(Bronx),,3.0,,,,2.0,,5.0
PS 67(Brooklyn),1.0,,,,,,,1.0
PS 68 Cambridge(Queens),,1.0,,,,,,1.0
PS 69 Annex(Bronx),,1.0,,,,,,1.0
PS 69(Bronx),,2.0,,,,,,2.0
PS 7(Brooklyn),1.0,3.0,,,,,,4.0
PS 70(Bronx),,9.0,,,,,,9.0
PS 71(Bronx),,,1.0,,,,1.0,2.0
PS 71(Queens),,1.0,,,,,,1.0
PS 72(Bronx),1.0,,,,,,,1.0
PS 72(Brooklyn),,1.0,,1.0,,,1.0,3.0
PS 72(Manhattan),,,2.0,,,,,2.0
PS 73(Bronx),,,2.0,2.0,,,1.0,5.0
PS 73(Brooklyn),,,,1.0,,,,1.0
PS 74 Future Leaders Elementary School,,,,1.0,,,,1.0
PS 75(Manhattan),,1.0,,,,,,1.0
PS 76(Bronx),,2.0,,,,,,2.0
PS 76(Manhattan),,1.0,,1.0,,,,2.0
PS 770 New American Academy(Brooklyn),3.0,,1.0,,,,,4.0
PS 78(Bronx),,2.0,,,,,,2.0
PS 78(SI),,3.0,,1.0,,,1.0,5.0
PS 79 Creston(Bronx),,3.0,,,,,,3.0
PS 79 HORAN SCHOOL(Manhattan),,4.0,,,,,,4.0
PS 8(Bronx),,5.0,,2.0,,,,7.0
PS 8(Staten Island),1.0,,,,,,,1.0
PS 80(Queens),1.0,,,,,,,1.0
PS 81(Brooklyn),,,,,,,1.0,1.0
PS 82 Hammond(Queens),,1.0,,1.0,,,,2.0
PS 83(Bronx),,3.0,,1.0,,,2.0,6.0
PS 84(Manhattan),1.0,5.0,,,,,,6.0
PS 85(Bronx),,2.0,,3.0,,,,5.0
PS 86(Bronx),,1.0,,,,,,1.0
PS 86(Queens),,4.0,,,,,,4.0
PS 87(Queens),,,1.0,,,,,1.0
PS 88(Bronx),4.0,,,,,,,4.0
PS 89 Cypress Hills (Brooklyn),,,,1.0,,,,1.0
PS 89(Bronx),,3.0,,,,,2.0,5.0
PS 89(Queens),,1.0,,,,,,1.0
PS 9(Brooklyn),,5.0,,,,,,5.0
PS 90(Bronx),,1.0,,1.0,,,,2.0
PS 90(Brooklyn),,1.0,,,,,2.0,3.0
PS 91(Bronx),,1.0,,,,,,1.0
PS 92(Bronx),,1.0,,,,,,1.0
PS 92(Brooklyn),4.0,,,,,1.0,,5.0
PS 92(Manhattan),1.0,1.0,2.0,,,,,4.0
PS 93(Brooklyn),2.0,1.0,1.0,1.0,,,1.0,6.0
PS 94 ANNEX(Bronx),,3.0,,,,,,3.0
PS 94 Kings College School(Bronx),,5.0,,,,,1.0,6.0
PS 94(Brooklyn),,2.0,,,,,,2.0
PS 95(Bronx),,6.0,,1.0,,,,7.0
PS 95(Brooklyn),,1.0,,,,,1.0,2.0
PS 96(Bronx),,1.0,,,,,,1.0
PS 96(Manhattan),1.0,1.0,1.0,,,,,3.0
PS 97(Bronx),,,,,,,1.0,1.0
PS 97(Queens),,1.0,,3.0,,,,4.0
PS 971 (Brooklyn),,1.0,,,,,,1.0
PS 99(Brooklyn),,,,1.0,,,,1.0
PS 99(PBQS),,1.0,,,,,,1.0
PS/IS 194 (BRONX),,,1.0,,,,,1.0
PS/IS 210 21st Century Academy for Community Leadership(Manhattan),1.0,,1.0,,,,,2.0
PS/IS 224 (Bronx),,,3.0,,,,,3.0
PS/IS 266 (QUEENS),,1.0,,,,,,1.0
PS/IS 295 (QS),,,,1.0,,,1.0,2.0
PS/IS 323(Brooklyn),,2.0,,5.0,,,1.0,8.0
PS/IS 35(Brooklyn),,4.0,1.0,1.0,,,2.0,8.0
PS/MS 75(Bronx),1.0,5.0,,1.0,,,,7.0
Pan American International HS(QN),,3.0,,,,,,3.0
Pan American International HS@Monroe(XE),,,1.0,,,,,1.0
Park Place Academy(old Belmont Academy Bklyn Susp. Site)(BN),,,,1.0,,,,1.0
Passages Academy at Belmont(BN),2.0,,,,,,,2.0
Pathways in Technology Early College HS(P-Tech)(BN),,,1.0,5.0,,1.0,,7.0
Pelham Academy of Academics & Community Engagement(XE),,,1.0,,,,,1.0
Pelham Lab High School (XE),2.0,,,,,,,2.0
Performing Arts & Technology HS(PATHS)(BN) ,,1.0,2.0,17.0,,3.0,5.0,28.0
Pioneer Academy(QN),,1.0,,,,,,1.0
PreK Center District 9 (UPK-582X),,,,1.0,,,,1.0
Preparatory Academy for Writers(QS),,,,2.0,,,2.0,4.0
QUEENS GATEWAY TO HEALTH SCIENCES SECONDARY SCHOOL(Queens) ,3.0,4.0,,,,,1.0,8.0
"QUEENS HS OF TEACHING,LIBERAL ARTS & THE SCIENCES(Queens)",1.0,,1.0,1.0,,1.0,,4.0
QUEENS PREPARATORY ACADEMY(Queens),,,,1.0,,,1.0,2.0
QUEENS SATELLITE ACADEMY HS(QUEENS),3.0,,,,,,,3.0
QUEENS VOCATIONAL AND TECHNICAL HIGH SCHOOL(Queens) ,4.0,,,1.0,,2.0,3.0,10.0
Queens Academy HS(Jamaica Campus),1.0,1.0,,2.0,,2.0,,6.0
Queens Collegiate:A College Board School(Queens),1.0,3.0,,,,,,4.0
Queens Explorers Elementary School (PS 316Q) (QS),1.0,,,,,,,1.0
Queens HS for Language Studies(QN),,,1.0,,,,1.0,2.0
Queens Metropolitan HS,1.0,1.0,1.0,,,,1.0,4.0
Queens United Middle School(QS),,,,,,,1.0,1.0
Quest to Learn(MS),2.0,3.0,2.0,,,,,7.0
RACHEL CARSON HIGH SCHOOL FOR COASTAL STUDIES(Brooklyn) ,1.0,,,3.0,,,,4.0
RALPH R.  MCKEE CAREER AND TECHNICAL EDUCATION  HS(Staten Island),1.0,,1.0,12.0,,3.0,7.0,24.0
REPERTORY COMPANY HS FOR THEATRE ARTS(Manhattan),,,1.0,,,,,1.0
RICHARD R. GREEN HIGH SCHOOL OF TEACHING(MS) ,1.0,1.0,5.0,,,3.0,,10.0
RICHMOND HILL HS(QS),7.0,4.0,,6.0,,8.0,,25.0
RIVERDALE/KINGSBRIDGE ACADEMY (MS/HS 141)(Bronx),,4.0,4.0,2.0,,,3.0,13.0
ROBERT F. KENNEDY COMMUNITY HS(Queens) ,3.0,,2.0,1.0,,1.0,,7.0
"ROBERT F.WAGNER, JR. SECONDARY SCHOOL FOR ARTS AND TECHNOLOGY(Queens) ",2.0,,,,,,,2.0
Red Hook Neighborhood School(Brooklyn),,,,1.0,,,,1.0
Richard R. Green HS of Teaching(MS),1.0,,1.0,,,,,2.0
Robert E. Peary (PS 75)(QN),,9.0,,,,,,9.0
Rockaway Collegiate HS(QS),1.0,,1.0,3.0,,1.0,,6.0
Rockaway Park HS for Environmental Sustainability(Queens),,2.0,,7.0,,1.0,5.0,15.0
SAMUEL GOMPERS CAREER AND TECHNICAL EDUCATION  HS(XW),3.0,,1.0,2.0,,1.0,,7.0
SAMUEL J. TILDEN HS(Brooklyn),2.0,2.0,,3.0,,1.0,6.0,14.0
SATELLITE ACADEMY HS(Manhattan),,2.0,,1.0,,,,3.0
SCHOOL FOR DEMOCRACY AND LEADERSHIP(Brooklyn) ,1.0,,,2.0,,,,3.0
SCHOOL FOR EXCELLENCE(Bronx) ,,1.0,1.0,,,1.0,,3.0
SCHOOL FOR LEGAL STUDIES(Brooklyn) ,,,1.0,12.0,,1.0,,14.0
SCHOOL OF CO-OP TECH. ED.(Manhattan),,3.0,,2.0,,,,5.0
SCHOOL OF THE FUTURE HS(Manhattan),,,3.0,,,4.0,,7.0
SCIENCE SKILLS CENTER HS AT WATERS EDGE(Brooklyn) ,5.0,1.0,1.0,5.0,,1.0,8.0,21.0
SECONDARY SCHOOL FOR JOURNALISM(Brooklyn),,1.0,,1.0,,,,2.0
SECONDARY SCHOOL FOR LAW(Brooklyn) ,3.0,,,,,,,3.0
SEWARD PARK HS(Manhattan),4.0,,,,,,,4.0
SHEEPSHEAD BAY HS(Brooklyn),1.0,1.0,3.0,,,1.0,,6.0
SOUTH BRONX ACADEMY FOR APPLIED MEDIA(Bronx) ,,,,1.0,,,,1.0
SOUTH BRONX HS(Bronx),,,,,,,4.0,4.0
SOUTH BRONX PREPARATORY:A COLLEGE BOARD SCHOOL(Bronx) ,,,1.0,,,,,1.0
SOUTH BROOKLYN COMMUNITY HIGH SCHOOL(Brooklyn),1.0,1.0,,,,,,2.0
SOUTH SHORE HS(BS) ,4.0,,2.0,1.0,,5.0,2.0,14.0
SPRINGFIELD GARDENS HS(Queens) ,2.0,3.0,,17.0,,,4.0,26.0
STATEN ISLAND TECHNICAL  HS(Staten Island),5.0,3.0,,,,,1.0,9.0
STEM Institute of Manhattan(MN),,3.0,1.0,,,,,4.0
STREET ACADEMY(Brooklyn),,2.0,,10.0,,,1.0,13.0
STUYVESANT HS(Manhattan) ,5.0,20.0,2.0,2.0,,,,29.0
SUSAN E. WAGNER HS(Staten Island),3.0,7.0,7.0,5.0,2.0,3.0,15.0,42.0
Scholars Academy(Queens),,1.0,,,,,,1.0
School for Tourism and Hospitality(XE),,,1.0,,,,,1.0
Second Opportunity School-SOS (Sankofa Academy)(Brooklyn),1.0,1.0,1.0,,,,,3.0
Skillman High School@P4(Queens),,2.0,,,,,,2.0
Soundview Academy for Culture & Scholarship(XE),,3.0,,1.0,,2.0,,6.0
Soundview Educational Campus(Bronx),1.0,,5.0,1.0,,6.0,,13.0
Spring Creek Community School(BN),,,,2.0,,,,2.0
Spruce Street School(MS),,,1.0,,,,1.0,2.0
St. Hope Leadership Academy Charter School(MN),1.0,,,,,,,1.0
Staten Island Borough Office(Staten Island),,,,,,,1.0,1.0
Staten Island School of Civic Leadership,1.0,,,,,,2.0,3.0
Stephen T. Mather Building Arts & Craftsmanship HS(MS),1.0,,,,,1.0,1.0,3.0
Stephen T. Mather Building Arts & Craftsmanship HS(ManSouth),,,,,,,1.0,1.0
Success Academy Charter School - Bed-Stuy 1(BN),,1.0,,,,,1.0,2.0
Success Academy Charter School - Bergen Beach(BS),,2.0,,,,,,2.0
Success Academy Charter School - Bronx 1(XW),,8.0,1.0,,,,,9.0
Success Academy Charter School - Bronx 2(XE),,1.0,,,,,,1.0
Success Academy Charter School - Bronx 4 - New York 2(XE),,1.0,,,,,,1.0
Success Academy Charter School - Harlem 1(MN),,4.0,,,,,,4.0
Success Academy Charter School - Harlem 3(MN),,1.0,,,,,,1.0
Success Academy Charter School - Harlem 4(MN),,2.0,,,,,,2.0
Success Academy Charter School - Harlem 5(MN),,1.0,,,,,,1.0
Success Academy Charter School - Rosedale NY 5,,2.0,,,,,,2.0
Success Academy Charter School-Springfield Gardens-New York 6(QS),,1.0,,,,,,1.0
Success Academy Harlem Central(MN),,1.0,1.0,2.0,,,,4.0
Success Academy High School of the Liberal Arts(MS),,,,1.0,,,,1.0
Sunset Park HS(Brooklyn),1.0,6.0,,2.0,,1.0,,10.0
Sunset Park Prep(Brooklyn),,,1.0,,,,,1.0
TEACHERS PREPARATORY HS(Brooklyn),1.0,9.0,1.0,,,1.0,4.0,16.0
THE CELIA CRUZ BRONX HS OF MUSIC(Bronx) ,,,1.0,,,1.0,,2.0
THE FACING HISTORY SCHOOL(Manhattan) ,1.0,,,,,1.0,,2.0
THE FORWARD SCHOOL(Bronx) ,,2.0,,,,,,2.0
THE HERITAGE SCHOOL(Manhattan),5.0,1.0,,,,,1.0,7.0
THE JAMES BALDWIN SCHOOL:A SCHOOL FOR EXPEDITIONARY LEARNING(Manhattan) ,,1.0,,,,,,1.0
"THE MARIE CURIE HS FOR NURSING,MEDICINE & ALLIED HEALTH PROFESSIONS(Bronx) ",,4.0,,,,,,4.0
THE METROPOLITAN HS(Bronx) ,,2.0,,4.0,,1.0,,7.0
THE SCHOOL FOR HUMAN RIGHTS(Brooklyn) ,,1.0,,,,,,1.0
THE SCHOOL FOR INQUIRY AND SOCIAL JUSTICE(Bronx),,1.0,,,,,,1.0
THE URBAN ASSEMBLY ACADEMY OF GOVERNMENT & LAW(Manhattan) ,,,1.0,,,,,1.0
THE URBAN ASSEMBLY SCHOOL FOR MEDIA STUDIES(MLK Educational Campus),,2.0,2.0,,,8.0,,12.0
THE URBAN ASSEMBLY SCHOOL OF BUSINESS FOR YOUNG WOMEN(MS) ,2.0,1.0,2.0,7.0,,5.0,,17.0
THE URBAN ASSEMBLY SCHOOL OF DESIGN & CONSTRUCTION(Manhattan),,,,1.0,,,,1.0
THEODORE ROOSEVELT HIGH SCHOOL(Bronx),6.0,1.0,4.0,5.0,,,1.0,17.0
THOMAS A. EDISON CAREER AND TECHNICAL EDUCATION  HS(Queens) ,2.0,3.0,1.0,3.0,,,,9.0
THOMAS JEFFERSON HS(Brooklyn),,3.0,,38.0,,1.0,21.0,63.0
THURGOOD MARSHALL ACADEMY FOR LEARNING & CHANGE (Manhattan),1.0,2.0,,,,,,3.0
THURGOOD MARSHALL ACADEMY LOWER SCHOOL(Manhattan) ,,1.0,,,,,,1.0
TITO PUENTE EDUCATION COMPLEX(Manhattan),,3.0,4.0,,,,,7.0
TOTTENVILLE HS(Staten Island) ,8.0,3.0,7.0,22.0,,,3.0,43.0
TOWNSEND HARRIS HS(Queens),,,,,,1.0,,1.0
TRANSIT TECH CAREER & TECHNICAL EDUCATION HS(BROOKLYN) ,1.0,2.0,1.0,32.0,,3.0,20.0,59.0
The Brooklyn School for Math & Research(BN),,,1.0,5.0,,1.0,,7.0
The College Academy(MN),,,,,,1.0,,1.0
The Emerson School(QS),,,,2.0,,,,2.0
"The HS for Enterprise, Business, & Technology(BN) ",,,,12.0,,,2.0,14.0
The HS of Fashion Industries(Manhattan),1.0,1.0,1.0,6.0,,1.0,,10.0
The Harbor View School (SI),,1.0,,,,,,1.0
The Highbridge Green School(XW),,3.0,,,,,1.0,4.0
The New Visions Charter HS for Advanced Math and Science(XW),,,1.0,3.0,,,3.0,7.0
The New Visions Charter HS for the Humanities(XW),,2.0,,,,,,2.0
The Opportunity Charter School(MN),,,,,,,1.0,1.0
The Richard H. Hungerford School(Staten Island),,3.0,,,,,,3.0
The Riverview School(QN),,1.0,,,,,,1.0
The Science & Medicine Middle School(Brooklyn),1.0,1.0,,,,,,2.0
The Urban Assembly Bronx Academy of Letters(XW) ,1.0,1.0,,,,,1.0,3.0
The Urban Assembly Institute for New Technologies(Manhattan),,,2.0,,,,,2.0
The Urban Assembly School for Applied Math & Science(Bronx),,1.0,,,,,,1.0
The Urban Assembly School for Collaborative Healthcare(BN),,,,6.0,1.0,,2.0,9.0
The Urban Assembly School for Emergency Management(MS),,1.0,1.0,,,,,2.0
The Urban Assembly School for Global Commerce(MN),1.0,,,2.0,,,,3.0
The Urban Assembly School for Green Careers(Manhattan),,1.0,,,,,,1.0
UNIVERSITY HEIGHTS SECONDARY SCHOOL(Bronx),,,,,,1.0,,1.0
UNIVERSITY NEIGHBORHOOD HS(Manhattan),,,,1.0,,1.0,,2.0
URBAN ASSEMBLY HS OF MUSIC & ART AT WATER'S EDGE(Brooklyn),1.0,4.0,1.0,3.0,,2.0,7.0,18.0
URBAN ASSEMBLY SCHOOL FOR CAREERS IN SPORTS(Bronx),,,2.0,3.0,,5.0,,10.0
URBAN ASSEMBLY SCHOOL FOR LAW & JUSTICE(Brooklyn),,,1.0,8.0,,,,9.0
Uncommon Charter HS(BS),,,,2.0,,,,2.0
Union Square Academy for Health Sciences(MS),1.0,1.0,,,,,,2.0
Unity Center for Urban Technologies(MS),,1.0,,,,,,1.0
University Neighborhood Middle School(Manhattan),,1.0,1.0,2.0,,,1.0,5.0
Urban Assembly Gateway School for Technology(MS),1.0,,1.0,,,2.0,,4.0
Urban Assembly Institute of Math & Science for Young Women(Brooklyn),2.0,2.0,,7.0,,1.0,5.0,17.0
Urban Assembly New York Harbor School(MS),1.0,,1.0,,,,,2.0
Urban Assembly School for Criminal Justice (Bklyn),,4.0,,,,,,4.0
Urban Assembly School for Wildlife Conservation (Bronx),4.0,4.0,3.0,3.0,,,,14.0
Urban Institute of Mathematics (Bronx),1.0,1.0,,,,,,2.0
Urban Science Academy(XW),,1.0,1.0,,,,,2.0
VALIDUS PREPARATORY ACADEMY:AN EXPEDITIONARY LEARNING SCHOOL(Bronx) ,1.0,5.0,2.0,1.0,,1.0,,10.0
VOYAGES Preparatory(QN),,1.0,,,,,,1.0
Van Nest Academy(Bronx),1.0,3.0,,,,,,4.0
Victory Collegiate HS (BS),1.0,1.0,,1.0,,,,3.0
Village Academy(Queens),,,1.0,,,,,1.0
Voyages Prep South Queens(QS),,1.0,,1.0,,,5.0,7.0
W.E.B. DU BOIS YABC(Brooklyn),,,2.0,3.0,,,,5.0
W.E.B. DUBOIS ACADEMIC HS(Brooklyn),,,,,,,1.0,1.0
WADLEIGH SECONDARY SCHOOL FOR THE PERFORMING & VISUAL ARTS(Manhattan) ,,3.0,1.0,4.0,,2.0,,10.0
WALTON HS(Bronx),3.0,4.0,2.0,6.0,,3.0,1.0,19.0
WASHINGTON IRVING HS(Manhattan) ,4.0,9.0,,1.0,,,,14.0
WEST BRONX ACADEMY FOR THE FUTURE(Bronx),1.0,,,,,,,1.0
WEST SIDE HS(Manhattan) ,1.0,,,,,,,1.0
WILDCAT HS(Bronx),1.0,,,,,,,1.0
WILLIAM CULLEN  BRYANT HS(Queens),5.0,15.0,1.0,2.0,,2.0,2.0,27.0
WILLIAM E. GRADY CAREER AND TECHNICAL EDUCATION  HS(Brooklyn) ,1.0,1.0,,1.0,,3.0,,6.0
WILLIAM H. MAXWELL CAREER & TECHNICAL EDUCATION HS(Brooklyn),1.0,2.0,2.0,38.0,1.0,,28.0,72.0
WILLIAM H. TAFT HIGH SCHOOL(Bronx),3.0,7.0,9.0,5.0,,8.0,,32.0
WILLIAMSBURG COLLEGIATE CHARTER SCHOOL(Brooklyn),,,,,,,1.0,1.0
WILLIAMSBURG HS FOR ARCHITECTURE & DESIGN(Brooklyn) ,,1.0,,4.0,,,,5.0
WINGS ACADEMY(Bronx),1.0,,2.0,2.0,,4.0,,9.0
WORLD ACADEMY FOR TOTAL COMMUNITY HEALTH HS-WATCH(Brooklyn),1.0,,,2.0,,,5.0,8.0
Washington Heights Expeditionary Learning School(Manhattan),,4.0,1.0,,,,,5.0
West Prep Academy(Manhattan),1.0,,2.0,3.0,,,,6.0
Westchester Square Academy (XE),,,,3.0,,,,3.0
World Journalism Preparatory:A College Board School(Queens),,,,,,1.0,,1.0
YOUNG WOMEN LEADERSHIP SCHOOL QUEENS CAMPUS(Queens),1.0,1.0,1.0,,,,,3.0
YOUNG WOMEN LEADERSHIP SCHOOL/MANHATTAN CAMPUS(Manhattan),,1.0,,,,,1.0,2.0
Yorkville Community School (Manhattan),,1.0,,,,,,1.0
Young Women Leadership School Astoria(Queens),,,,1.0,,,1.0,2.0
